[
    {
        "code": "NP-3-BHA",
        "name": "Bhaktapur, Bagmati, Nepal",
        "parent_code": "NP-3",
        "parent_name": "Bagmati"
    },
    {
        "code": "NP-3-CHI",
        "name": "Chitawan, Bagmati, Nepal",
        "parent_code": "NP-3",
        "parent_name": "Bagmati"
    },
    {
        "code": "NP-3-DHA",
        "name": "Dhading, Bagmati, Nepal",
        "parent_code": "NP-3",
        "parent_name": "Bagmati"
    },
    {
        "code": "NP-3-DOL",
        "name": "Dolakha, Bagmati, Nepal",
        "parent_code": "NP-3",
        "parent_name": "Bagmati"
    },
    {
        "code": "NP-3-KAB",
        "name": "Kabhrepalanchok, Bagmati, Nepal",
        "parent_code": "NP-3",
        "parent_name": "Bagmati"
    },
    {
        "code": "NP-3-KAT",
        "name": "Kathmandu, Bagmati, Nepal",
        "parent_code": "NP-3",
        "parent_name": "Bagmati"
    },
    {
        "code": "NP-3-LAL",
        "name": "Lalitpur, Bagmati, Nepal",
        "parent_code": "NP-3",
        "parent_name": "Bagmati"
    },
    {
        "code": "NP-3-MAK",
        "name": "Makawanpur, Bagmati, Nepal",
        "parent_code": "NP-3",
        "parent_name": "Bagmati"
    },
    {
        "code": "NP-3-NUW",
        "name": "Nuwakot, Bagmati, Nepal",
        "parent_code": "NP-3",
        "parent_name": "Bagmati"
    },
    {
        "code": "NP-3-RAM",
        "name": "Ramechhap, Bagmati, Nepal",
        "parent_code": "NP-3",
        "parent_name": "Bagmati"
    },
    {
        "code": "NP-3-RAS",
        "name": "Rasuwa, Bagmati, Nepal",
        "parent_code": "NP-3",
        "parent_name": "Bagmati"
    },
    {
        "code": "NP-3-SLI",
        "name": "Sindhuli, Bagmati, Nepal",
        "parent_code": "NP-3",
        "parent_name": "Bagmati"
    },
    {
        "code": "NP-3-SPA",
        "name": "Sindhupalchok, Bagmati, Nepal",
        "parent_code": "NP-3",
        "parent_name": "Bagmati"
    },
    {
        "code": "NP-4-BAG",
        "name": "Baglung, Gandaki, Nepal",
        "parent_code": "NP-4",
        "parent_name": "Gandaki"
    },
    {
        "code": "NP-4-GOR",
        "name": "Gorkha, Gandaki, Nepal",
        "parent_code": "NP-4",
        "parent_name": "Gandaki"
    },
    {
        "code": "NP-4-KAS",
        "name": "Kaski, Gandaki, Nepal",
        "parent_code": "NP-4",
        "parent_name": "Gandaki"
    },
    {
        "code": "NP-4-LAM",
        "name": "Lamjung, Gandaki, Nepal",
        "parent_code": "NP-4",
        "parent_name": "Gandaki"
    },
    {
        "code": "NP-4-MAN",
        "name": "Manang, Gandaki, Nepal",
        "parent_code": "NP-4",
        "parent_name": "Gandaki"
    },
    {
        "code": "NP-4-MUS",
        "name": "Mustang, Gandaki, Nepal",
        "parent_code": "NP-4",
        "parent_name": "Gandaki"
    },
    {
        "code": "NP-4-MYA",
        "name": "Myagdi, Gandaki, Nepal",
        "parent_code": "NP-4",
        "parent_name": "Gandaki"
    },
    {
        "code": "NP-4-NAW",
        "name": "Nawalparasi East, Gandaki, Nepal",
        "parent_code": "NP-4",
        "parent_name": "Gandaki"
    },
    {
        "code": "NP-4-PAR",
        "name": "Parbat, Gandaki, Nepal",
        "parent_code": "NP-4",
        "parent_name": "Gandaki"
    },
    {
        "code": "NP-4-SYA",
        "name": "Syangja, Gandaki, Nepal",
        "parent_code": "NP-4",
        "parent_name": "Gandaki"
    },
    {
        "code": "NP-4-TAN",
        "name": "Tanahu, Gandaki, Nepal",
        "parent_code": "NP-4",
        "parent_name": "Gandaki"
    },
    {
        "code": "NP-6-DAI",
        "name": "Dailekh, Karnali, Nepal",
        "parent_code": "NP-6",
        "parent_name": "Karnali"
    },
    {
        "code": "NP-6-DOL",
        "name": "Dolpa, Karnali, Nepal",
        "parent_code": "NP-6",
        "parent_name": "Karnali"
    },
    {
        "code": "NP-6-HUM",
        "name": "Humla, Karnali, Nepal",
        "parent_code": "NP-6",
        "parent_name": "Karnali"
    },
    {
        "code": "NP-6-JAJ",
        "name": "Jajarkot, Karnali, Nepal",
        "parent_code": "NP-6",
        "parent_name": "Karnali"
    },
    {
        "code": "NP-6-JUM",
        "name": "Jumla, Karnali, Nepal",
        "parent_code": "NP-6",
        "parent_name": "Karnali"
    },
    {
        "code": "NP-6-KAL",
        "name": "Kalikot, Karnali, Nepal",
        "parent_code": "NP-6",
        "parent_name": "Karnali"
    },
    {
        "code": "NP-6-MUG",
        "name": "Mugu, Karnali, Nepal",
        "parent_code": "NP-6",
        "parent_name": "Karnali"
    },
    {
        "code": "NP-6-RUK",
        "name": "Rukum West, Karnali, Nepal",
        "parent_code": "NP-6",
        "parent_name": "Karnali"
    },
    {
        "code": "NP-6-SAL",
        "name": "Salyan, Karnali, Nepal",
        "parent_code": "NP-6",
        "parent_name": "Karnali"
    },
    {
        "code": "NP-6-SUR",
        "name": "Surkhet, Karnali, Nepal",
        "parent_code": "NP-6",
        "parent_name": "Karnali"
    },
    {
        "code": "NP-5-ARG",
        "name": "Arghakhanchi, Lumbini, Nepal",
        "parent_code": "NP-5",
        "parent_name": "Lumbini"
    },
    {
        "code": "NP-5-BAN",
        "name": "Banke, Lumbini, Nepal",
        "parent_code": "NP-5",
        "parent_name": "Lumbini"
    },
    {
        "code": "NP-5-BAR",
        "name": "Bardiya, Lumbini, Nepal",
        "parent_code": "NP-5",
        "parent_name": "Lumbini"
    },
    {
        "code": "NP-5-DAN",
        "name": "Dang, Lumbini, Nepal",
        "parent_code": "NP-5",
        "parent_name": "Lumbini"
    },
    {
        "code": "NP-5-GUL",
        "name": "Gulmi, Lumbini, Nepal",
        "parent_code": "NP-5",
        "parent_name": "Lumbini"
    },
    {
        "code": "NP-5-KAP",
        "name": "Kapilbastu, Lumbini, Nepal",
        "parent_code": "NP-5",
        "parent_name": "Lumbini"
    },
    {
        "code": "NP-5-NAW",
        "name": "Nawalparasi West, Lumbini, Nepal",
        "parent_code": "NP-5",
        "parent_name": "Lumbini"
    },
    {
        "code": "NP-5-PAL",
        "name": "Palpa, Lumbini, Nepal",
        "parent_code": "NP-5",
        "parent_name": "Lumbini"
    },
    {
        "code": "NP-5-PYU",
        "name": "Pyuthan, Lumbini, Nepal",
        "parent_code": "NP-5",
        "parent_name": "Lumbini"
    },
    {
        "code": "NP-5-ROL",
        "name": "Rolpa, Lumbini, Nepal",
        "parent_code": "NP-5",
        "parent_name": "Lumbini"
    },
    {
        "code": "NP-5-RUK",
        "name": "Rukum East, Lumbini, Nepal",
        "parent_code": "NP-5",
        "parent_name": "Lumbini"
    },
    {
        "code": "NP-5-RUP",
        "name": "Rupandehi, Lumbini, Nepal",
        "parent_code": "NP-5",
        "parent_name": "Lumbini"
    },
    {
        "code": "NP-2-BAR",
        "name": "Bara, Madhesh, Nepal",
        "parent_code": "NP-2",
        "parent_name": "Madhesh"
    },
    {
        "code": "NP-2-DHA",
        "name": "Dhanusha, Madhesh, Nepal",
        "parent_code": "NP-2",
        "parent_name": "Madhesh"
    },
    {
        "code": "NP-2-MAH",
        "name": "Mahottari, Madhesh, Nepal",
        "parent_code": "NP-2",
        "parent_name": "Madhesh"
    },
    {
        "code": "NP-2-PAR",
        "name": "Parsa, Madhesh, Nepal",
        "parent_code": "NP-2",
        "parent_name": "Madhesh"
    },
    {
        "code": "NP-2-RAU",
        "name": "Rautahat, Madhesh, Nepal",
        "parent_code": "NP-2",
        "parent_name": "Madhesh"
    },
    {
        "code": "NP-2-SAP",
        "name": "Saptari, Madhesh, Nepal",
        "parent_code": "NP-2",
        "parent_name": "Madhesh"
    },
    {
        "code": "NP-2-SAR",
        "name": "Sarlahi, Madhesh, Nepal",
        "parent_code": "NP-2",
        "parent_name": "Madhesh"
    },
    {
        "code": "NP-2-SIR",
        "name": "Siraha, Madhesh, Nepal",
        "parent_code": "NP-2",
        "parent_name": "Madhesh"
    },
    {
        "code": "NP-1-BHO",
        "name": "Bhojpur, Province 1, Nepal",
        "parent_code": "NP-1",
        "parent_name": "Province 1"
    },
    {
        "code": "NP-1-DHA",
        "name": "Dhankuta, Province 1, Nepal",
        "parent_code": "NP-1",
        "parent_name": "Province 1"
    },
    {
        "code": "NP-1-ILA",
        "name": "Ilam, Province 1, Nepal",
        "parent_code": "NP-1",
        "parent_name": "Province 1"
    },
    {
        "code": "NP-1-JHA",
        "name": "Jhapa, Province 1, Nepal",
        "parent_code": "NP-1",
        "parent_name": "Province 1"
    },
    {
        "code": "NP-1-KHO",
        "name": "Khotang, Province 1, Nepal",
        "parent_code": "NP-1",
        "parent_name": "Province 1"
    },
    {
        "code": "NP-1-MOR",
        "name": "Morang, Province 1, Nepal",
        "parent_code": "NP-1",
        "parent_name": "Province 1"
    },
    {
        "code": "NP-1-OKH",
        "name": "Okhaldhunga, Province 1, Nepal",
        "parent_code": "NP-1",
        "parent_name": "Province 1"
    },
    {
        "code": "NP-1-PAN",
        "name": "Panchthar, Province 1, Nepal",
        "parent_code": "NP-1",
        "parent_name": "Province 1"
    },
    {
        "code": "NP-1-SAN",
        "name": "Sankhuwasabha, Province 1, Nepal",
        "parent_code": "NP-1",
        "parent_name": "Province 1"
    },
    {
        "code": "NP-1-SOL",
        "name": "Solukhumbu, Province 1, Nepal",
        "parent_code": "NP-1",
        "parent_name": "Province 1"
    },
    {
        "code": "NP-1-SUN",
        "name": "Sunsari, Province 1, Nepal",
        "parent_code": "NP-1",
        "parent_name": "Province 1"
    },
    {
        "code": "NP-1-TAP",
        "name": "Taplejung, Province 1, Nepal",
        "parent_code": "NP-1",
        "parent_name": "Province 1"
    },
    {
        "code": "NP-1-TER",
        "name": "Terhathum, Province 1, Nepal",
        "parent_code": "NP-1",
        "parent_name": "Province 1"
    },
    {
        "code": "NP-1-UDA",
        "name": "Udayapur, Province 1, Nepal",
        "parent_code": "NP-1",
        "parent_name": "Province 1"
    },
    {
        "code": "NP-7-ACH",
        "name": "Achham, Sudurpaschim, Nepal",
        "parent_code": "NP-7",
        "parent_name": "Sudurpaschim"
    },
    {
        "code": "NP-7-BAI",
        "name": "Baitadi, Sudurpaschim, Nepal",
        "parent_code": "NP-7",
        "parent_name": "Sudurpaschim"
    },
    {
        "code": "NP-7-BHA",
        "name": "Bajhang, Sudurpaschim, Nepal",
        "parent_code": "NP-7",
        "parent_name": "Sudurpaschim"
    },
    {
        "code": "NP-7-BUR",
        "name": "Bajura, Sudurpaschim, Nepal",
        "parent_code": "NP-7",
        "parent_name": "Sudurpaschim"
    },
    {
        "code": "NP-7-DAD",
        "name": "Dadeldhura, Sudurpaschim, Nepal",
        "parent_code": "NP-7",
        "parent_name": "Sudurpaschim"
    },
    {
        "code": "NP-7-DAR",
        "name": "Darchula, Sudurpaschim, Nepal",
        "parent_code": "NP-7",
        "parent_name": "Sudurpaschim"
    },
    {
        "code": "NP-7-DOT",
        "name": "Doti, Sudurpaschim, Nepal",
        "parent_code": "NP-7",
        "parent_name": "Sudurpaschim"
    },
    {
        "code": "NP-7-KAI",
        "name": "Kailali, Sudurpaschim, Nepal",
        "parent_code": "NP-7",
        "parent_name": "Sudurpaschim"
    },
    {
        "code": "NP-7-KAN",
        "name": "Kanchanpur, Sudurpaschim, Nepal",
        "parent_code": "NP-7",
        "parent_name": "Sudurpaschim"
    }
]