[
    {
        "code": "IT-65",
        "name": "Abruzzo, Italy",
        "parent_code": "IT",
        "parent_name": "Italy"
    },
    {
        "code": "IT-77",
        "name": "Basilicata, Italy",
        "parent_code": "IT",
        "parent_name": "Italy"
    },
    {
        "code": "IT-78",
        "name": "Calabria, Italy",
        "parent_code": "IT",
        "parent_name": "Italy"
    },
    {
        "code": "IT-72",
        "name": "Campania, Italy",
        "parent_code": "IT",
        "parent_name": "Italy"
    },
    {
        "code": "IT-45",
        "name": "Emilia-Romagna, Italy",
        "parent_code": "IT",
        "parent_name": "Italy"
    },
    {
        "code": "IT-36",
        "name": "Friuli-Venezia Giulia, Italy",
        "parent_code": "IT",
        "parent_name": "Italy"
    },
    {
        "code": "IT-62",
        "name": "Lazio, Italy",
        "parent_code": "IT",
        "parent_name": "Italy"
    },
    {
        "code": "IT-42",
        "name": "Liguria, Italy",
        "parent_code": "IT",
        "parent_name": "Italy"
    },
    {
        "code": "IT-25",
        "name": "Lombardia, Italy",
        "parent_code": "IT",
        "parent_name": "Italy"
    },
    {
        "code": "IT-57",
        "name": "Marche, Italy",
        "parent_code": "IT",
        "parent_name": "Italy"
    },
    {
        "code": "IT-67",
        "name": "Molise, Italy",
        "parent_code": "IT",
        "parent_name": "Italy"
    },
    {
        "code": "IT-21",
        "name": "Piemonte, Italy",
        "parent_code": "IT",
        "parent_name": "Italy"
    },
    {
        "code": "IT-75",
        "name": "Puglia, Italy",
        "parent_code": "IT",
        "parent_name": "Italy"
    },
    {
        "code": "IT-88",
        "name": "Sardegna, Italy",
        "parent_code": "IT",
        "parent_name": "Italy"
    },
    {
        "code": "IT-82",
        "name": "Sicilia, Italy",
        "parent_code": "IT",
        "parent_name": "Italy"
    },
    {
        "code": "IT-52",
        "name": "Toscana, Italy",
        "parent_code": "IT",
        "parent_name": "Italy"
    },
    {
        "code": "IT-32",
        "name": "Trentino-Alto Adige, Italy",
        "parent_code": "IT",
        "parent_name": "Italy"
    },
    {
        "code": "IT-55",
        "name": "Umbria, Italy",
        "parent_code": "IT",
        "parent_name": "Italy"
    },
    {
        "code": "IT-23",
        "name": "Valle d'Aosta, Italy",
        "parent_code": "IT",
        "parent_name": "Italy"
    },
    {
        "code": "IT-34",
        "name": "Veneto, Italy",
        "parent_code": "IT",
        "parent_name": "Italy"
    }
]