[
    {
        "code": "HN-AT",
        "name": "Atl\u00e1ntida, Honduras",
        "parent_code": "HN",
        "parent_name": "Honduras"
    },
    {
        "code": "HN-CH",
        "name": "Choluteca, Honduras",
        "parent_code": "HN",
        "parent_name": "Honduras"
    },
    {
        "code": "HN-CL",
        "name": "Col\u00f3n, Honduras",
        "parent_code": "HN",
        "parent_name": "Honduras"
    },
    {
        "code": "HN-CM",
        "name": "Comayagua, Honduras",
        "parent_code": "HN",
        "parent_name": "Honduras"
    },
    {
        "code": "HN-CP",
        "name": "Cop\u00e1n, Honduras",
        "parent_code": "HN",
        "parent_name": "Honduras"
    },
    {
        "code": "HN-CR",
        "name": "Cort\u00e9s, Honduras",
        "parent_code": "HN",
        "parent_name": "Honduras"
    },
    {
        "code": "HN-EP",
        "name": "El Para\u00edso, Honduras",
        "parent_code": "HN",
        "parent_name": "Honduras"
    },
    {
        "code": "HN-FM",
        "name": "Francisco Moraz\u00e1n, Honduras",
        "parent_code": "HN",
        "parent_name": "Honduras"
    },
    {
        "code": "HN-GD",
        "name": "Gracias a Dios, Honduras",
        "parent_code": "HN",
        "parent_name": "Honduras"
    },
    {
        "code": "HN-IN",
        "name": "Intibuc\u00e1, Honduras",
        "parent_code": "HN",
        "parent_name": "Honduras"
    },
    {
        "code": "HN-IB",
        "name": "Islas de la Bah\u00eda, Honduras",
        "parent_code": "HN",
        "parent_name": "Honduras"
    },
    {
        "code": "HN-LP",
        "name": "La Paz, Honduras",
        "parent_code": "HN",
        "parent_name": "Honduras"
    },
    {
        "code": "HN-LE",
        "name": "Lempira, Honduras",
        "parent_code": "HN",
        "parent_name": "Honduras"
    },
    {
        "code": "HN-OC",
        "name": "Ocotepeque, Honduras",
        "parent_code": "HN",
        "parent_name": "Honduras"
    },
    {
        "code": "HN-OL",
        "name": "Olancho, Honduras",
        "parent_code": "HN",
        "parent_name": "Honduras"
    },
    {
        "code": "HN-SB",
        "name": "Santa B\u00e1rbara, Honduras",
        "parent_code": "HN",
        "parent_name": "Honduras"
    },
    {
        "code": "HN-VA",
        "name": "Valle, Honduras",
        "parent_code": "HN",
        "parent_name": "Honduras"
    },
    {
        "code": "HN-YO",
        "name": "Yoro, Honduras",
        "parent_code": "HN",
        "parent_name": "Honduras"
    }
]