[
    {
        "code": "DM-02",
        "name": "Saint Andrew, Dominica",
        "parent_code": "DM",
        "parent_name": "Dominica"
    },
    {
        "code": "DM-03",
        "name": "Saint David, Dominica",
        "parent_code": "DM",
        "parent_name": "Dominica"
    },
    {
        "code": "DM-04",
        "name": "Saint George, Dominica",
        "parent_code": "DM",
        "parent_name": "Dominica"
    },
    {
        "code": "DM-05",
        "name": "Saint John, Dominica",
        "parent_code": "DM",
        "parent_name": "Dominica"
    },
    {
        "code": "DM-06",
        "name": "Saint Joseph, Dominica",
        "parent_code": "DM",
        "parent_name": "Dominica"
    },
    {
        "code": "DM-07",
        "name": "Saint Luke, Dominica",
        "parent_code": "DM",
        "parent_name": "Dominica"
    },
    {
        "code": "DM-08",
        "name": "Saint Mark, Dominica",
        "parent_code": "DM",
        "parent_name": "Dominica"
    },
    {
        "code": "DM-09",
        "name": "Saint Patrick, Dominica",
        "parent_code": "DM",
        "parent_name": "Dominica"
    },
    {
        "code": "DM-10",
        "name": "Saint Paul, Dominica",
        "parent_code": "DM",
        "parent_name": "Dominica"
    },
    {
        "code": "DM-11",
        "name": "Saint Peter, Dominica",
        "parent_code": "DM",
        "parent_name": "Dominica"
    }
]