[
    {
        "code": "SE-K",
        "name": "Blekinge l\u00e4n [SE-10], Sweden",
        "parent_code": "SE",
        "parent_name": "Sweden"
    },
    {
        "code": "SE-W",
        "name": "Dalarnas l\u00e4n [SE-20], Sweden",
        "parent_code": "SE",
        "parent_name": "Sweden"
    },
    {
        "code": "SE-I",
        "name": "Gotlands l\u00e4n [SE-09], Sweden",
        "parent_code": "SE",
        "parent_name": "Sweden"
    },
    {
        "code": "SE-X",
        "name": "G\u00e4vleborgs l\u00e4n [SE-21], Sweden",
        "parent_code": "SE",
        "parent_name": "Sweden"
    },
    {
        "code": "SE-N",
        "name": "Hallands l\u00e4n [SE-13], Sweden",
        "parent_code": "SE",
        "parent_name": "Sweden"
    },
    {
        "code": "SE-Z",
        "name": "J\u00e4mtlands l\u00e4n [SE-23], Sweden",
        "parent_code": "SE",
        "parent_name": "Sweden"
    },
    {
        "code": "SE-F",
        "name": "J\u00f6nk\u00f6pings l\u00e4n [SE-06], Sweden",
        "parent_code": "SE",
        "parent_name": "Sweden"
    },
    {
        "code": "SE-H",
        "name": "Kalmar l\u00e4n [SE-08], Sweden",
        "parent_code": "SE",
        "parent_name": "Sweden"
    },
    {
        "code": "SE-G",
        "name": "Kronobergs l\u00e4n [SE-07], Sweden",
        "parent_code": "SE",
        "parent_name": "Sweden"
    },
    {
        "code": "SE-BD",
        "name": "Norrbottens l\u00e4n [SE-25], Sweden",
        "parent_code": "SE",
        "parent_name": "Sweden"
    },
    {
        "code": "SE-M",
        "name": "Sk\u00e5ne l\u00e4n [SE-12], Sweden",
        "parent_code": "SE",
        "parent_name": "Sweden"
    },
    {
        "code": "SE-AB",
        "name": "Stockholms l\u00e4n [SE-01], Sweden",
        "parent_code": "SE",
        "parent_name": "Sweden"
    },
    {
        "code": "SE-D",
        "name": "S\u00f6dermanlands l\u00e4n [SE-04], Sweden",
        "parent_code": "SE",
        "parent_name": "Sweden"
    },
    {
        "code": "SE-C",
        "name": "Uppsala l\u00e4n [SE-03], Sweden",
        "parent_code": "SE",
        "parent_name": "Sweden"
    },
    {
        "code": "SE-S",
        "name": "V\u00e4rmlands l\u00e4n [SE-17], Sweden",
        "parent_code": "SE",
        "parent_name": "Sweden"
    },
    {
        "code": "SE-AC",
        "name": "V\u00e4sterbottens l\u00e4n [SE-24], Sweden",
        "parent_code": "SE",
        "parent_name": "Sweden"
    },
    {
        "code": "SE-Y",
        "name": "V\u00e4sternorrlands l\u00e4n [SE-22], Sweden",
        "parent_code": "SE",
        "parent_name": "Sweden"
    },
    {
        "code": "SE-U",
        "name": "V\u00e4stmanlands l\u00e4n [SE-19], Sweden",
        "parent_code": "SE",
        "parent_name": "Sweden"
    },
    {
        "code": "SE-O",
        "name": "V\u00e4stra G\u00f6talands l\u00e4n [SE-14], Sweden",
        "parent_code": "SE",
        "parent_name": "Sweden"
    },
    {
        "code": "SE-T",
        "name": "\u00d6rebro l\u00e4n [SE-18], Sweden",
        "parent_code": "SE",
        "parent_name": "Sweden"
    },
    {
        "code": "SE-E",
        "name": "\u00d6sterg\u00f6tlands l\u00e4n [SE-05], Sweden",
        "parent_code": "SE",
        "parent_name": "Sweden"
    }
]